,PredictedOutputs
14160,-1
27048,1
28868,1
5667,-1
7827,-1
15382,1
4641,1
8943,-1
216,-1
5121,1
345,-1
31900,-1
20010,-1
11808,-1
14587,-1
10021,-1
8966,1
1912,1
2874,1
28771,-1
13061,-1
4457,-1
29623,-1
11791,-1
31706,-1
16561,-1
26084,-1
29613,-1
5018,-1
31237,-1
18536,-1
1959,-1
6215,-1
24357,-1
8574,-1
24936,1
4915,-1
4241,-1
26162,-1
2730,-1
14111,-1
19815,-1
24850,1
4273,-1
14733,1
12016,-1
27043,-1
10645,-1
23421,-1
30649,-1
18920,-1
4413,-1
29383,-1
14858,-1
16036,-1
24412,-1
28389,-1
10536,-1
16128,-1
843,-1
12701,-1
22533,-1
28553,-1
28329,-1
15041,-1
26012,-1
8010,-1
20178,-1
23011,-1
19139,-1
20687,1
9507,-1
11862,-1
20494,1
4235,-1
13297,-1
24615,-1
15614,-1
3580,-1
15842,-1
28459,1
29376,-1
27142,1
28550,1
15615,-1
23294,-1
5407,-1
32399,1
30139,-1
10520,-1
23215,-1
27539,-1
16937,-1
30155,-1
26546,-1
7251,-1
6039,-1
196,-1
5803,-1
7542,-1
28197,1
13925,-1
1278,-1
28382,-1
4890,-1
25412,-1
13810,-1
8471,1
13588,-1
32185,1
26268,1
23372,-1
2564,-1
6741,-1
10981,-1
29359,-1
14366,1
27672,-1
3122,-1
26812,-1
2678,-1
25429,1
7468,-1
29611,-1
23146,-1
3315,-1
18183,1
28670,-1
23002,1
27537,1
26627,-1
14159,-1
21884,1
30131,-1
16054,-1
25336,1
9226,-1
29595,-1
11044,1
6267,-1
13498,1
29529,-1
18420,-1
499,-1
28747,1
5337,-1
15844,-1
16362,-1
3929,-1
17702,1
17935,-1
5464,-1
31059,1
18826,1
13899,1
25659,-1
30137,-1
15687,-1
9300,-1
22479,-1
29184,-1
2320,-1
1923,-1
22519,1
12781,-1
18353,-1
24001,-1
20958,-1
20356,-1
32003,1
15491,-1
25211,1
7449,-1
18285,1
3707,1
27423,-1
25850,1
20634,1
30634,-1
28005,-1
29637,-1
28622,1
23440,-1
19217,-1
16793,-1
24924,-1
3594,1
24418,-1
6334,1
24659,1
5576,-1
27942,1
24836,-1
32502,-1
6179,-1
23208,-1
32543,-1
32513,1
31264,-1
1684,-1
21345,-1
17624,-1
5038,-1
10989,1
17678,-1
28156,-1
21860,-1
2649,-1
17123,-1
21402,-1
30027,1
2201,-1
12922,-1
18843,-1
23582,1
31410,-1
24138,-1
26686,-1
23842,-1
26693,-1
12654,-1
16069,-1
20060,-1
28185,1
25502,-1
28681,-1
11315,-1
17026,-1
3263,-1
11163,-1
18436,1
26426,1
13823,-1
20826,-1
6067,-1
19487,-1
19565,-1
19339,-1
30204,-1
15746,1
8372,-1
28025,-1
12223,-1
27726,-1
16119,-1
1815,-1
26405,1
29481,-1
32526,-1
14244,-1
9712,-1
8030,-1
2476,-1
8629,-1
9253,-1
31155,-1
1837,-1
29044,-1
31884,1
18063,-1
10387,-1
20476,-1
18900,-1
22316,-1
22383,-1
15004,-1
23317,1
2497,1
18216,1
16893,-1
25499,-1
21043,-1
10969,-1
9295,1
24641,1
5422,-1
2848,1
22566,-1
6914,-1
16045,-1
16516,1
25358,1
2361,1
19837,-1
31168,-1
5777,-1
4579,-1
26509,-1
22994,-1
21780,-1
16771,-1
3298,-1
22461,-1
28143,1
15238,-1
2847,-1
6419,1
32027,1
28623,-1
26929,1
19083,-1
1331,-1
83,-1
26115,-1
29187,-1
14144,-1
19004,-1
29867,-1
24625,1
14675,-1
25612,-1
30470,-1
30010,1
29024,-1
3673,1
369,-1
22657,1
12747,-1
10949,-1
6438,1
29816,-1
18780,-1
14969,-1
3383,-1
15301,-1
23444,-1
21041,-1
7375,-1
25487,-1
11682,-1
6720,1
16118,-1
13346,-1
28788,-1
4405,1
3964,1
30661,1
16904,-1
17050,-1
21512,1
18310,-1
31739,-1
21374,1
20117,-1
16817,-1
22770,-1
24479,-1
9779,-1
32457,1
12530,-1
7317,1
21933,-1
4845,-1
17716,-1
1288,-1
10580,-1
27302,-1
9826,1
4449,-1
27298,-1
573,-1
222,-1
17603,-1
9987,-1
8696,1
22349,-1
16278,-1
17495,-1
3725,-1
17213,-1
6888,-1
21516,-1
10739,-1
31718,-1
2622,-1
16635,-1
1023,-1
19319,-1
14401,-1
5384,-1
12971,-1
15778,-1
21280,1
18275,1
22067,-1
5107,-1
6797,1
28300,1
30554,-1
31903,1
13613,1
4034,-1
28908,-1
22184,-1
30841,-1
9655,-1
24601,1
23967,1
6111,1
14351,-1
12430,-1
2867,-1
16384,-1
29864,-1
31764,1
16507,-1
6870,-1
18373,1
6528,-1
13658,-1
16113,1
27844,-1
408,-1
17781,-1
31198,1
2805,-1
13497,-1
10689,-1
22697,1
9704,-1
30713,-1
21379,-1
9163,-1
9433,-1
20765,-1
18438,-1
9666,-1
20640,-1
31183,-1
5598,-1
23638,1
29250,-1
24103,-1
27958,-1
12035,-1
27825,1
12483,-1
10462,-1
30581,-1
22255,-1
4884,-1
5172,-1
8879,1
11057,-1
16025,1
2286,1
1588,-1
1456,-1
19635,1
30219,-1
23643,-1
26521,-1
3517,1
23771,-1
29119,-1
13906,-1
23876,-1
8815,-1
20210,1
7888,1
28705,-1
11782,1
14513,1
30196,-1
19470,-1
19636,-1
23342,-1
18253,-1
7335,-1
1668,-1
24755,-1
23919,1
22217,1
12593,-1
5425,1
5216,-1
24668,-1
14720,-1
7748,-1
15951,-1
16773,-1
28307,-1
1616,1
3835,-1
25928,-1
15877,1
16697,-1
27385,-1
4229,-1
15821,-1
17620,-1
16815,-1
12005,1
8300,-1
10019,-1
21072,1
16169,-1
31135,1
10628,1
17077,1
23606,-1
28977,1
17016,1
25656,-1
16674,-1
27325,-1
22339,-1
15782,-1
4280,-1
18089,-1
5836,1
15609,-1
29604,-1
22562,-1
17978,-1
15968,1
32286,-1
15483,-1
12351,-1
12402,-1
3105,1
9658,-1
20728,1
8141,-1
31120,1
5135,-1
31860,-1
9633,-1
23772,-1
7565,-1
21135,-1
6268,-1
1520,1
12493,1
23267,-1
21623,-1
15590,1
28568,-1
30352,1
24245,1
1090,1
4902,-1
18115,-1
25309,-1
2958,-1
13618,-1
6000,-1
14835,1
24225,-1
26949,-1
6904,1
5604,-1
15266,-1
22848,-1
11070,-1
32283,1
4220,-1
8344,-1
24506,-1
3820,-1
9542,-1
7627,-1
10569,1
4968,-1
23170,-1
24143,1
11958,-1
20082,1
26563,-1
23366,1
19841,-1
6529,-1
8231,-1
30739,-1
8794,-1
31423,-1
8757,-1
28417,1
28946,1
12101,-1
29774,1
32035,-1
10059,1
3282,-1
6885,-1
14311,-1
18781,1
31984,-1
4639,1
7220,-1
23100,-1
29555,1
19809,1
7293,-1
12491,-1
6271,-1
19306,-1
14613,-1
6024,1
15625,-1
6632,-1
5144,1
27309,-1
14202,-1
22304,-1
2554,-1
3448,1
26298,-1
12131,-1
20327,-1
10300,-1
26041,-1
16181,-1
3397,-1
18842,-1
7286,1
4985,-1
17409,-1
17672,1
11420,-1
10269,1
23500,-1
18098,-1
16201,-1
22542,1
30986,-1
31224,1
5115,-1
4584,1
7576,-1
10124,-1
8890,-1
11125,-1
1788,-1
8494,-1
17471,-1
12522,1
7525,-1
9791,1
27408,-1
24581,-1
17476,-1
29472,-1
17708,-1
29513,-1
24797,-1
20554,-1
388,-1
18127,-1
6483,1
16219,-1
3525,-1
3619,-1
15466,-1
25230,-1
821,-1
7107,-1
23612,-1
18292,-1
8237,1
16055,1
5478,-1
1427,-1
19155,-1
21567,-1
21634,1
30751,-1
22448,1
13677,-1
12774,-1
13078,-1
15724,-1
10389,1
17686,-1
29830,1
30361,-1
1377,-1
14649,-1
9739,-1
29929,1
1281,-1
11076,-1
3013,1
27659,-1
9003,-1
29714,-1
2034,-1
14410,1
9250,-1
19674,-1
19495,-1
11021,1
12154,-1
19759,-1
10231,-1
12564,-1
29158,-1
25535,-1
8087,-1
13144,-1
16735,-1
19126,1
3193,-1
19175,-1
26765,1
1487,-1
21207,-1
11798,1
11512,-1
9380,-1
13300,-1
26924,-1
28692,-1
16321,-1
14655,-1
4513,-1
15656,1
23956,-1
18853,1
27755,-1
10479,1
14724,-1
10830,-1
10152,-1
4156,-1
24415,-1
18713,-1
28828,-1
19084,1
11052,-1
27178,-1
2893,-1
20547,-1
14213,-1
19929,-1
11607,-1
10007,1
31378,-1
491,-1
28458,-1
3601,-1
11644,-1
31187,-1
22237,-1
24629,1
10244,-1
30851,-1
5843,-1
3286,-1
19605,-1
20988,1
22595,-1
21887,-1
25224,-1
14757,1
24801,-1
26622,-1
17891,-1
22901,-1
11121,-1
26939,-1
16643,-1
16736,-1
19138,-1
8540,-1
31445,-1
1655,1
24766,-1
15259,-1
8023,-1
31125,1
16329,-1
15685,-1
32172,1
24421,-1
14640,-1
14386,-1
28169,-1
12902,-1
14951,-1
24261,1
29712,1
9192,1
16833,-1
12325,-1
10809,-1
21262,-1
2265,1
14344,-1
10515,1
30169,-1
20579,1
17585,-1
1530,-1
3946,-1
14491,1
18864,1
32380,-1
14121,-1
31249,-1
5286,-1
6604,-1
30679,-1
8952,-1
2383,-1
8440,-1
27559,-1
23858,-1
8072,-1
13086,-1
8442,1
1516,1
11032,-1
20218,-1
1337,1
12727,-1
24719,-1
10784,-1
1109,1
29032,1
6948,-1
11794,-1
18014,1
3396,-1
22241,-1
22152,-1
10319,1
17008,-1
25302,-1
21381,-1
15481,1
31664,-1
32009,1
28811,-1
14001,1
15170,-1
1660,-1
12068,-1
21286,-1
24452,1
24644,-1
8318,1
27548,-1
28040,-1
29842,-1
6308,-1
18459,1
5187,-1
28661,1
6455,1
32113,-1
9285,-1
5927,-1
23209,1
27880,-1
25088,1
20362,-1
18273,-1
14099,-1
19976,-1
8082,-1
7442,-1
22954,-1
22842,-1
29410,-1
19125,-1
32101,-1
16414,-1
31617,-1
22514,-1
14163,-1
16004,1
6253,-1
16255,-1
16332,-1
7955,-1
11818,-1
15192,-1
29718,1
6847,-1
7571,1
25834,-1
14992,1
8525,-1
8867,-1
5954,-1
10421,1
7668,-1
25590,-1
3502,1
11325,1
28327,-1
15755,-1
4285,1
32266,1
4819,-1
29834,1
25807,-1
32138,1
4707,-1
21790,-1
19629,-1
457,-1
18356,-1
15575,1
27780,-1
2798,-1
9100,-1
10544,1
96,1
26953,-1
10906,1
16401,-1
26250,-1
16808,-1
5165,-1
1398,-1
26934,1
9152,-1
25259,1
6672,-1
18576,-1
13020,-1
16837,-1
8865,1
9124,-1
19458,1
11427,-1
30485,1
217,1
4393,-1
29116,-1
12086,-1
28695,1
28948,-1
15902,-1
11300,-1
5114,-1
18340,-1
8845,-1
28560,-1
21658,1
2240,1
3132,-1
5799,-1
9904,-1
1291,-1
10688,-1
11206,-1
1786,1
9407,-1
13729,1
625,-1
20962,-1
10579,-1
28847,-1
21130,-1
27729,-1
24955,-1
29048,-1
12092,1
26533,-1
20055,1
15726,1
3639,1
27081,-1
5880,-1
32004,-1
30504,-1
16496,1
210,-1
8256,1
2308,1
24208,-1
462,1
18421,-1
13069,-1
30808,-1
9575,-1
12848,-1
3876,-1
13114,1
25717,-1
15283,-1
22413,-1
5456,-1
24890,-1
27996,-1
5094,-1
4047,-1
21760,-1
29519,-1
7628,-1
890,-1
16177,1
20572,1
9997,-1
17975,-1
9559,1
13719,-1
23296,-1
5886,-1
9598,-1
4738,-1
30728,1
20268,1
7306,1
23183,-1
4254,-1
32503,1
12281,-1
2229,-1
3578,1
12033,-1
7924,1
20686,-1
26019,-1
22378,-1
28100,-1
1412,1
20708,-1
9366,-1
1406,-1
30281,-1
13722,1
9976,-1
655,-1
28490,-1
31332,-1
29988,-1
2647,-1
11472,1
7481,-1
6187,-1
1247,-1
23458,-1
22817,-1
17734,1
29693,-1
24680,1
31872,1
5864,-1
11658,-1
31400,1
11073,-1
29780,1
21629,-1
23763,-1
2791,-1
31425,1
5026,1
28229,1
7682,-1
18295,-1
10413,1
9162,-1
24133,-1
2001,-1
624,-1
11746,-1
3353,1
28639,-1
7997,-1
4659,1
17507,-1
15104,-1
23532,-1
20291,-1
21583,-1
19090,-1
13441,-1
10210,-1
5070,-1
21798,-1
14672,-1
20115,-1
2388,-1
16492,1
21655,-1
24490,-1
3949,-1
4216,-1
20891,-1
11988,-1
26639,1
24457,1
6656,-1
12892,-1
3921,-1
22955,-1
14183,-1
6424,-1
13902,-1
3776,-1
21656,-1
8242,-1
12854,-1
762,-1
14019,-1
25800,1
19690,-1
29256,-1
18696,-1
32075,-1
5453,-1
6346,-1
16790,1
8840,-1
24145,-1
15975,-1
13044,-1
18404,-1
12167,-1
3843,-1
22646,-1
31982,-1
18518,-1
13474,-1
3160,-1
29058,-1
6202,-1
31695,-1
32483,-1
9099,-1
20701,-1
9299,1
9473,-1
32280,-1
31562,-1
19406,-1
14850,-1
10840,-1
30697,-1
23143,-1
24667,-1
22517,-1
31054,1
27340,-1
23689,-1
5545,-1
12845,-1
13963,1
31240,-1
16485,1
22328,-1
25391,-1
2425,-1
11253,-1
8394,-1
15933,-1
23913,-1
3745,-1
31291,-1
21089,-1
1255,-1
24458,-1
17647,-1
22189,1
7828,-1
26662,-1
896,-1
15208,-1
5472,-1
20328,-1
27328,-1
24549,1
19537,-1
6332,1
24551,-1
10671,-1
11762,-1
2616,-1
27200,1
7417,-1
928,-1
15400,-1
27147,-1
465,-1
19807,1
20332,-1
2683,1
14617,1
20828,-1
16540,-1
23754,1
31733,1
5317,-1
11259,-1
2464,-1
9434,-1
16490,-1
7536,-1
29363,1
5403,1
19740,1
4771,-1
21115,-1
27352,-1
4408,-1
18618,-1
25997,-1
11299,-1
13205,-1
10543,-1
25585,-1
28166,-1
28961,-1
2507,1
28368,1
28744,-1
14359,1
3378,-1
26044,-1
23659,-1
6534,-1
7277,-1
1043,1
30811,-1
7029,1
24055,-1
20636,-1
26545,-1
14654,-1
20503,-1
9986,1
243,-1
26802,-1
14875,-1
26886,1
17933,-1
29240,-1
21910,-1
27095,-1
10241,1
8304,-1
18461,-1
31411,1
5222,1
32394,-1
29920,-1
21694,-1
22613,1
27440,-1
17628,-1
17789,1
8049,-1
24571,1
11401,-1
6863,-1
1188,-1
9831,-1
29215,-1
22824,-1
7528,-1
16847,1
10690,-1
8374,-1
26120,-1
4645,-1
12310,-1
9773,-1
6935,1
428,1
17854,1
10933,-1
28729,1
31704,-1
16187,-1
28916,-1
19178,-1
14198,-1
28857,-1
15506,-1
16677,-1
15468,-1
18629,1
30589,-1
30476,1
5601,1
7109,-1
7515,-1
9000,-1
24591,1
9254,1
31309,-1
4716,-1
7934,-1
6778,-1
12088,-1
20741,-1
6237,-1
24302,-1
4344,1
8105,1
31499,-1
23330,-1
12535,-1
24867,-1
28395,-1
6422,-1
5554,-1
15672,-1
10013,-1
11868,-1
19039,1
15547,-1
19962,1
1122,-1
13966,1
23244,-1
733,-1
13206,1
2532,-1
18859,1
17054,1
12022,1
725,-1
21757,-1
24291,-1
19332,-1
21879,-1
6425,-1
3662,-1
21660,-1
22801,-1
13514,1
9242,1
12036,-1
24014,1
17681,-1
25400,-1
12965,-1
16139,1
13674,1
16031,-1
20959,-1
266,-1
10935,1
21332,-1
5227,1
19772,-1
19278,-1
23105,-1
10600,1
13995,-1
20209,-1
26458,-1
11293,-1
28772,-1
21160,-1
25030,1
14137,-1
6291,1
17386,-1
17097,-1
16586,-1
4170,-1
31368,-1
24897,-1
7085,1
6769,1
22695,-1
9188,-1
1866,-1
729,1
29953,-1
22362,-1
3834,-1
14985,-1
20112,-1
13287,1
11661,-1
1092,-1
20201,1
11339,-1
26876,1
11860,-1
29213,-1
29325,-1
19905,-1
30075,-1
23583,-1
19633,-1
24833,-1
16659,-1
27604,1
30683,1
9880,-1
4847,1
12643,-1
8137,-1
26441,-1
27395,-1
25707,-1
15644,1
5210,-1
32552,1
24154,1
8370,-1
20725,1
27054,-1
2540,-1
22665,1
12105,-1
22849,-1
2140,-1
25949,-1
27409,-1
4817,-1
19147,-1
30188,1
14194,-1
16976,-1
15080,1
17614,-1
31871,-1
13047,-1
873,1
4519,-1
20907,1
23504,-1
5345,-1
28765,-1
19664,1
7781,-1
22365,-1
15752,-1
273,-1
1330,-1
13053,-1
16207,-1
13887,-1
16356,-1
12505,-1
21955,-1
423,-1
4751,-1
30280,-1
17903,-1
1555,-1
8213,1
18839,-1
5925,1
1298,-1
8340,1
16834,-1
15353,-1
7893,-1
27066,-1
16208,-1
11526,-1
14524,-1
4969,-1
31723,-1
16783,-1
11142,-1
4058,1
1731,-1
18502,-1
8670,-1
21344,1
22822,-1
13244,-1
16703,-1
19274,-1
21377,-1
15621,1
24542,-1
32109,1
17639,-1
996,1
28320,-1
24006,-1
29438,-1
29954,1
22209,-1
31439,-1
1339,-1
2858,-1
10823,-1
29293,-1
18715,-1
13736,-1
3643,-1
9778,-1
22501,-1
19767,-1
24380,1
10927,-1
9755,-1
10501,-1
27795,-1
19917,-1
850,-1
27418,1
20302,-1
11753,1
30322,-1
28528,-1
10881,-1
20895,-1
5687,1
17995,-1
25507,-1
29137,-1
25506,-1
3813,-1
18403,1
8270,1
23368,1
30771,-1
14023,-1
23533,-1
27015,-1
19644,-1
20353,-1
17917,-1
4679,-1
24295,1
4547,-1
27737,-1
10154,-1
29469,-1
11769,-1
21244,1
13021,-1
10408,-1
14169,1
26227,-1
21237,-1
6594,-1
26805,-1
23765,-1
3798,-1
9998,-1
13198,-1
19796,-1
14625,-1
14100,-1
13155,-1
30099,1
18391,-1
28730,-1
12953,-1
18371,-1
31128,1
8241,-1
30886,-1
23274,1
27609,-1
3058,-1
15370,-1
15665,-1
18741,-1
11899,1
31631,1
6824,-1
21595,-1
1227,-1
15824,-1
20526,-1
6821,-1
24223,1
7049,-1
27064,-1
22608,-1
21055,-1
10660,-1
11096,-1
23951,-1
6366,-1
22854,-1
3115,1
2856,-1
16153,-1
7327,1
7886,1
16141,-1
2406,1
4335,1
6925,-1
24567,-1
27120,1
26840,1
4339,1
30330,-1
25623,1
359,-1
13818,-1
16853,-1
8517,-1
28055,-1
24683,1
30747,-1
14921,-1
18495,1
7229,-1
6290,-1
1385,-1
23665,-1
25096,-1
31878,1
9183,-1
30623,-1
16869,1
4227,-1
10747,-1
15288,-1
13162,1
1328,-1
19717,-1
2764,-1
32039,-1
27914,1
10428,-1
8866,-1
19649,-1
29266,1
29177,-1
6868,-1
6156,-1
16841,-1
13064,1
17491,-1
18954,1
15112,-1
5477,-1
1441,-1
31107,-1
8742,1
15079,-1
7414,-1
30784,-1
16726,-1
32366,-1
30152,1
4689,-1
1510,-1
18823,-1
4877,-1
24385,-1
5096,-1
4341,-1
12994,-1
30600,-1
6440,-1
12766,-1
15311,1
31655,-1
19883,-1
18451,-1
14438,1
10575,-1
20949,-1
29580,-1
32261,-1
32279,-1
17394,-1
15144,-1
2344,1
27549,-1
17791,-1
15598,-1
10719,1
23825,-1
22040,1
26679,-1
5304,-1
14297,1
23433,-1
20545,1
12240,-1
9928,-1
26921,-1
12783,-1
12277,-1
32459,-1
8332,-1
5068,-1
13373,-1
30735,1
9071,-1
23396,1
10497,-1
17236,-1
2331,-1
10827,-1
12745,1
14709,-1
27053,-1
25701,-1
9406,-1
23907,-1
12113,-1
10624,1
13539,1
1791,-1
16423,-1
13151,-1
23671,-1
4246,1
4061,-1
14049,-1
28928,1
28754,-1
12009,-1
4168,-1
27811,1
29382,-1
20440,-1
25124,-1
4105,-1
578,-1
30183,-1
4783,-1
5556,-1
18339,-1
24419,-1
23700,-1
10272,-1
9040,-1
5610,1
27410,-1
18490,-1
8900,-1
19959,-1
18804,-1
9620,-1
3125,1
12368,-1
27536,-1
3000,-1
19435,-1
17820,-1
14840,-1
21888,-1
15594,-1
24702,-1
1318,1
17902,-1
4372,-1
22564,-1
8993,-1
15394,1
26820,-1
30879,-1
22320,-1
16685,1
12586,-1
7033,-1
19573,-1
11443,-1
23766,-1
14771,-1
3031,-1
7063,-1
3068,-1
23212,1
32041,-1
19795,-1
10696,-1
8085,-1
9209,-1
5894,1
14891,-1
17598,-1
26535,1
13165,-1
26151,1
30406,-1
6502,-1
11551,-1
279,1
25385,-1
31912,-1
17390,-1
9736,1
16647,-1
31435,1
20557,1
30048,-1
29188,1
21289,-1
13174,-1
21821,-1
4209,-1
14602,-1
30146,-1
9723,1
30652,-1
19714,-1
9248,-1
8164,-1
14656,1
7070,-1
21663,-1
8886,-1
27398,-1
23783,1
278,-1
13022,-1
14632,-1
22160,-1
12060,-1
736,-1
2885,-1
23497,-1
5191,-1
9291,-1
30657,1
5220,1
22477,-1
25948,-1
5383,-1
31146,-1
22482,-1
25946,-1
10353,1
936,-1
18957,-1
1197,1
12291,-1
11961,-1
22371,-1
20424,-1
25281,-1
9289,-1
9683,1
6753,-1
16983,-1
4955,-1
7451,-1
10368,-1
16132,-1
18036,-1
19234,-1
3660,1
25773,-1
32423,-1
17534,-1
25798,-1
790,1
19237,-1
2208,-1
17851,-1
24344,-1
31594,-1
25529,-1
32284,-1
3910,-1
30662,-1
13819,-1
31000,1
10500,-1
11876,-1
31894,1
20745,-1
3752,-1
17346,1
7534,-1
16070,-1
6538,-1
29911,1
26741,-1
29317,-1
250,1
5343,-1
30258,1
15397,1
13952,-1
7759,-1
23681,1
900,-1
6463,-1
2536,-1
8862,1
7094,-1
10168,-1
30958,-1
14085,-1
5354,-1
330,-1
7790,-1
27519,-1
11909,1
7047,1
12618,-1
31468,1
4596,-1
26522,-1
4121,-1
11216,1
29372,-1
2974,-1
14185,-1
3780,-1
14762,-1
26816,1
1650,-1
12814,1
5561,-1
15218,-1
19533,-1
23828,-1
22541,-1
3829,1
13625,1
23719,-1
29820,1
430,-1
26045,-1
30830,-1
6169,-1
29323,1
11247,-1
21720,-1
10098,-1
22450,-1
17969,1
12542,-1
17237,-1
16872,-1
505,-1
11237,-1
10465,-1
12908,-1
3427,1
9199,1
1610,-1
27151,-1
29601,-1
23680,-1
29522,-1
17422,1
24793,-1
3792,1
1243,-1
3931,-1
16000,1
4296,-1
2973,-1
5148,-1
25593,-1
13063,-1
15272,-1
14304,-1
13103,1
7650,-1
11320,-1
20264,-1
19957,-1
21305,-1
4189,-1
27627,-1
1981,1
21541,-1
17179,1
15846,-1
5128,-1
14861,1
21413,-1
31304,-1
13649,-1
19302,1
7261,1
30972,-1
18744,-1
19303,-1
22535,-1
2710,1
13102,-1
15298,1
14770,-1
23652,-1
15427,-1
31420,1
13534,1
24465,1
26199,1
8904,-1
32097,-1
23490,-1
9201,1
2129,-1
16270,-1
15827,-1
26271,-1
25452,-1
32112,1
31021,-1
7217,1
32036,-1
3847,1
24969,-1
12868,-1
25284,1
27316,-1
13620,-1
7800,1
8407,-1
12148,-1
21846,-1
26245,-1
28609,-1
29562,-1
21956,-1
2231,-1
10228,-1
29100,-1
21989,-1
19283,-1
4813,-1
9091,1
2213,-1
2119,-1
24769,-1
742,1
1118,1
26783,-1
10004,-1
4844,-1
11305,-1
20015,-1
17766,-1
15212,-1
2744,1
11031,-1
13468,-1
22545,-1
12492,-1
21455,-1
27296,-1
23068,-1
18411,-1
28879,-1
14962,-1
12353,-1
585,-1
21993,1
23575,-1
16355,-1
10224,-1
12798,-1
2095,1
24252,-1
15446,-1
11677,1
21299,-1
30708,-1
14711,-1
6126,-1
14180,-1
30758,1
3096,-1
7768,-1
14186,-1
214,-1
13692,1
14293,-1
1664,-1
25343,-1
13314,-1
14413,-1
3402,-1
8247,-1
17976,-1
11893,-1
13014,-1
19683,-1
28243,1
532,-1
18947,1
17217,-1
15076,-1
28423,-1
28818,-1
15694,-1
20478,-1
14878,1
10324,-1
6263,1
22787,1
19774,-1
13938,-1
6726,-1
3014,-1
31586,-1
21052,-1
28296,-1
22826,-1
4534,-1
12228,-1
9451,-1
13735,-1
15978,-1
22257,1
2518,-1
2153,1
980,-1
5461,-1
7696,-1
19241,-1
29709,-1
10337,-1
15337,-1
21245,1
23808,-1
14041,1
10445,-1
25918,-1
11311,-1
26154,-1
23144,-1
16477,-1
6760,-1
1426,1
23032,1
2275,-1
22488,-1
21787,-1
13510,1
21049,-1
22515,1
3806,1
2168,-1
401,-1
5100,-1
25283,1
14944,-1
19361,1
10212,-1
9929,-1
26690,-1
15276,-1
21264,-1
11710,1
31601,-1
1723,1
18650,-1
17311,-1
21311,-1
28832,1
4200,-1
3248,1
8139,1
6994,1
5377,-1
19079,-1
4742,1
22329,1
4410,-1
32418,-1
621,-1
31466,-1
3208,-1
12956,-1
2527,-1
20226,1
6151,-1
3874,-1
13848,-1
31020,1
30479,-1
26880,1
9222,-1
30732,-1
12630,-1
12754,-1
9536,-1
25437,1
20263,-1
28945,-1
251,1
5685,1
14398,-1
24813,-1
27754,-1
9527,-1
29262,-1
6745,-1
17361,-1
7472,-1
34,-1
20859,-1
26193,-1
22573,1
15723,-1
23761,-1
2980,-1
2900,1
7209,-1
18136,-1
25182,-1
2004,-1
27722,1
25893,-1
12539,1
10205,1
12133,-1
26343,1
26844,-1
27114,-1
15071,1
18637,1
32318,-1
19716,1
5754,1
31307,-1
12273,-1
27130,-1
6556,1
9626,-1
13499,1
18620,-1
32051,-1
10128,-1
9276,1
14073,-1
18614,-1
7080,-1
22163,-1
14712,-1
747,-1
9350,-1
15164,-1
25693,-1
8439,-1
22411,-1
1921,1
9790,-1
20019,-1
31481,-1
22106,-1
13062,-1
28992,-1
4981,-1
17244,-1
24822,-1
12378,-1
6399,-1
3697,-1
8895,-1
30614,-1
14475,-1
30698,-1
21150,-1
8665,1
7600,-1
19761,-1
28116,1
29761,-1
27959,-1
28877,1
6887,-1
10009,1
29754,-1
16689,-1
22959,-1
29390,-1
26114,-1
29582,-1
1226,1
2879,-1
27206,-1
29078,-1
19853,-1
2772,-1
10684,-1
1635,1
21152,-1
12609,-1
13290,-1
7267,-1
27140,1
22369,1
9660,-1
14189,-1
26779,-1
1715,-1
13059,-1
2876,-1
5780,-1
22807,-1
9676,-1
4347,-1
21460,-1
30042,-1
4469,-1
18634,-1
2754,-1
15959,-1
795,-1
25037,1
14128,1
18764,1
25011,-1
27473,-1
25345,-1
13695,1
29261,1
23687,-1
8193,1
24180,1
1078,-1
23531,-1
7780,1
8136,-1
1758,-1
18695,1
32022,-1
13958,-1
12335,-1
971,-1
30418,1
8409,1
8171,-1
1536,1
4384,-1
9097,-1
30272,-1
3833,1
26527,-1
6906,1
5697,-1
6108,-1
9044,-1
516,-1
10992,-1
8470,-1
11635,-1
14181,-1
20113,-1
11858,-1
26830,1
15705,-1
30387,-1
4419,-1
24439,-1
17712,-1
27403,-1
2868,-1
1968,-1
19242,-1
16660,1
19864,-1
30900,-1
29612,-1
6879,1
19653,-1
29632,-1
23335,-1
5678,-1
22460,-1
8932,-1
30765,-1
17098,-1
20605,-1
12480,-1
3113,1
24481,1
2726,-1
26158,-1
17760,1
25726,-1
10297,-1
19316,-1
20546,-1
28447,1
22086,1
2276,-1
5511,-1
6531,-1
12425,-1
25492,-1
23948,-1
15948,1
26725,1
13475,-1
31815,1
24882,-1
29452,1
3108,1
11105,-1
27933,-1
1433,-1
17803,-1
7431,-1
11323,-1
16982,-1
29292,1
27662,1
23880,-1
2141,-1
24583,-1
17172,1
28844,-1
29497,-1
29752,-1
2174,1
5035,-1
28709,-1
11773,-1
14994,-1
26111,-1
22506,-1
13714,1
25992,-1
26667,-1
19701,-1
26325,-1
31437,-1
30721,-1
18363,-1
14710,-1
1889,-1
19331,-1
3445,1
12553,-1
9405,-1
7138,-1
26584,1
10925,-1
538,-1
14165,-1
13670,-1
16670,1
19301,-1
4502,1
20184,-1
17694,1
8892,-1
3938,-1
13961,1
13967,-1
11132,-1
29639,-1
29364,-1
6912,-1
20474,1
17899,-1
13602,-1
29030,1
30178,1
31829,-1
20146,-1
22771,-1
28106,-1
1598,-1
24155,-1
7898,-1
30483,-1
5325,-1
1710,-1
5001,-1
26296,-1
6742,-1
16844,-1
10711,-1
24224,-1
9098,-1
14461,-1
6725,-1
29208,-1
28408,-1
19736,-1
14217,1
11793,-1
6872,1
13371,-1
24317,1
27373,1
31870,-1
16468,-1
31025,-1
2266,-1
7475,-1
7671,-1
27794,-1
3053,-1
27156,-1
15175,-1
22836,-1
14145,1
28644,-1
25041,1
3579,-1
11743,-1
2157,1
579,-1
22883,-1
11836,1
32556,1
10936,-1
27554,-1
28370,-1
7606,1
30905,-1
29764,-1
6070,-1
10873,-1
30854,-1
9443,-1
20244,-1
18473,1
30305,-1
18558,-1
27892,-1
16942,-1
5647,-1
24758,-1
25871,-1
18970,-1
13862,1
2842,-1
705,-1
13525,-1
18585,-1
31203,-1
4143,-1
19946,-1
22023,-1
8941,-1
3184,-1
31350,-1
5436,-1
14659,-1
3905,-1
28863,-1
3547,-1
3507,-1
29171,1
28324,-1
4450,-1
24637,-1
29275,1
6373,1
1113,-1
25257,-1
21756,-1
26636,-1
2903,1
20370,1
31281,-1
7456,1
22935,-1
1719,-1
9194,1
19762,-1
29318,-1
14007,-1
27358,1
8769,-1
23553,1
18076,1
27882,-1
28096,-1
22858,-1
30444,-1
25254,-1
30426,1
8487,-1
27891,-1
25532,-1
9038,-1
880,-1
17126,1
13847,-1
20096,-1
22970,1
30404,-1
1246,1
15680,-1
5676,-1
21446,-1
17292,-1
4032,-1
7102,-1
7974,-1
13761,-1
23489,-1
24808,-1
28808,-1
23998,1
20511,-1
30184,-1
27821,-1
20951,-1
20658,-1
25601,-1
19521,-1
2638,1
30437,-1
6235,-1
24733,-1
29940,-1
17668,-1
31078,-1
24292,-1
18742,-1
644,-1
12517,-1
16200,-1
10429,-1
28660,-1
23288,-1
30162,-1
30338,1
30761,-1
16520,1
14644,1
3735,-1
10016,-1
26085,1
25321,1
31414,-1
21134,-1
21276,-1
738,-1
24016,-1
16503,-1
17125,-1
25813,-1
173,-1
25905,-1
10861,-1
23374,1
20383,-1
32333,1
26581,1
9382,-1
15091,-1
14789,-1
23301,-1
18875,1
32414,-1
2932,-1
19380,-1
21973,-1
21738,-1
18424,-1
20870,-1
29051,-1
16073,-1
10089,-1
29871,-1
26270,1
13228,1
18228,-1
22289,-1
7922,-1
25388,-1
5746,-1
7223,-1
2111,-1
3470,-1
13449,-1
21871,-1
25919,-1
29924,-1
4528,-1
1503,1
3219,-1
6003,-1
20489,1
12708,-1
26031,-1
8914,1
20473,1
13924,1
19602,-1
20430,-1
24183,-1
31669,-1
26675,1
14315,-1
22072,-1
22816,-1
17787,1
11990,-1
11438,-1
10563,-1
24424,1
2715,-1
12893,-1
18679,-1
23226,-1
5155,-1
4744,-1
1992,-1
11715,-1
3047,-1
10769,1
19592,-1
10480,-1
21657,1
28652,1
29895,-1
27859,1
550,-1
31280,1
7747,-1
16291,-1
6390,-1
4688,-1
5910,-1
29551,-1
29358,-1
13483,1
9539,-1
14965,-1
844,1
4824,-1
31858,-1
3382,-1
13691,1
8211,-1
3703,-1
30238,-1
7318,-1
11474,-1
6362,-1
28461,-1
21815,-1
23502,-1
21979,-1
1483,-1
30855,-1
8451,-1
4186,-1
323,-1
4093,1
6481,1
15139,-1
26839,-1
19654,1
3154,1
12301,1
31180,-1
30821,-1
13274,1
12863,-1
19221,-1
9189,-1
15843,-1
24991,-1
13367,-1
10664,-1
11903,-1
14510,-1
341,1
19384,-1
4343,1
9334,-1
16470,-1
5133,-1
4569,-1
13793,-1
19424,-1
21156,1
11227,-1
29334,-1
833,-1
28321,-1
16303,-1
18084,-1
16747,-1
22696,1
22382,-1
8485,-1
32308,1
7978,-1
26283,-1
1508,-1
3922,-1
18498,-1
3705,-1
10527,-1
24902,1
8319,-1
10879,1
7030,-1
30283,1
24265,-1
14498,-1
29412,-1
4871,-1
9154,-1
20490,1
23222,1
32288,-1
13855,1
1457,-1
15292,-1
32148,1
19836,-1
14673,-1
3508,-1
20996,1
23516,-1
10708,-1
5236,1
9086,-1
2142,-1
20399,-1
28816,-1
5706,-1
8639,-1
17020,-1
25434,1
28593,-1
5466,-1
9159,-1
14416,-1
29512,-1
12702,-1
20814,-1
30638,-1
21132,-1
29994,-1
11702,-1
22478,1
22690,-1
2280,-1
12705,-1
16721,1
25341,-1
16451,-1
30318,-1
20368,1
5979,-1
2561,-1
6,-1
29023,-1
19474,1
618,1
3387,-1
12776,-1
27314,1
15840,-1
10665,-1
7839,-1
20861,-1
6395,-1
7249,1
23660,-1
31781,-1
27111,-1
30380,-1
1994,-1
3268,-1
15601,1
8729,-1
28183,1
3049,1
26322,-1
30037,-1
8285,-1
25040,-1
10883,-1
22024,-1
20280,-1
4978,1
13842,-1
11582,1
9008,1
6965,1
16024,-1
14360,-1
26974,-1
23839,1
29123,1
24149,-1
27419,-1
9737,-1
7757,1
46,-1
29357,1
3398,1
2884,-1
5327,1
16047,-1
2346,-1
1138,-1
7348,-1
29229,-1
24400,1
29934,1
25389,-1
20386,1
28477,-1
27063,-1
31473,1
32550,-1
4867,-1
15771,-1
12895,1
29102,-1
23318,-1
12082,-1
13953,-1
10282,-1
19698,-1
30311,-1
24074,-1
20497,-1
5853,-1
15431,-1
15922,-1
5198,-1
6223,-1
18335,-1
9489,-1
4160,-1
24468,-1
8279,-1
6354,-1
15888,-1
3416,-1
32458,1
25607,-1
19995,-1
21713,1
20072,-1
6657,-1
28567,-1
7760,-1
8153,1
12235,-1
11604,1
23756,1
29076,-1
878,-1
4219,-1
12536,-1
31520,-1
18090,-1
29423,-1
19416,1
5929,1
24445,-1
12608,-1
12081,-1
24426,-1
13120,1
9320,-1
9999,-1
22013,-1
31331,1
29447,-1
24592,-1
29130,-1
4556,-1
18008,-1
2393,-1
27690,-1
3901,-1
14272,1
18906,1
26905,-1
2960,-1
31095,1
32558,-1
17699,-1
5732,-1
13821,-1
485,-1
32348,1
17425,-1
6011,1
9593,-1
1972,1
200,-1
4913,-1
17382,-1
24321,1
26688,-1
17698,-1
16882,-1
31887,-1
7912,-1
20758,-1
6836,-1
18336,-1
32517,-1
26825,1
3732,1
15697,-1
16595,-1
29351,1
10727,1
17923,-1
26730,-1
9838,-1
29095,-1
18201,-1
15030,-1
25209,-1
979,-1
7998,-1
13707,1
23473,-1
9577,-1
4762,-1
21375,-1
1804,-1
28277,-1
19433,1
12051,-1
4148,-1
14867,-1
7462,-1
14829,-1
5513,-1
11812,-1
30473,-1
5814,-1
8248,-1
397,-1
12639,-1
10504,-1
25239,-1
22938,-1
1575,-1
21693,1
22283,-1
12969,-1
5731,-1
20966,-1
13710,-1
3386,-1
30001,-1
28969,-1
21123,-1
14681,1
12202,1
20374,-1
5394,1
15060,-1
18885,-1
15571,1
3189,1
5160,1
16026,-1
92,-1
29993,-1
25620,1
9841,-1
25168,-1
26694,-1
26548,-1
4540,1
927,1
11828,-1
12862,1
22293,1
23934,-1
26453,-1
16811,1
27740,-1
2325,1
26127,-1
16411,-1
10226,-1
25769,-1
9125,-1
6460,-1
26817,-1
1190,-1
18986,-1
3242,-1
10483,1
31550,-1
563,-1
31030,-1
22621,1
31902,-1
22270,-1
20030,-1
12967,-1
7539,-1
19720,-1
9891,-1
8364,-1
22245,-1
351,-1
7563,-1
8090,-1
26230,-1
9905,1
447,-1
23039,-1
16582,-1
24560,-1
27036,-1
29987,-1
22815,-1
10572,-1
5627,-1
6427,-1
2602,-1
28034,-1
28400,-1
9668,-1
12904,1
26362,-1
10993,-1
12143,-1
19150,-1
31970,-1
26033,1
15278,1
6112,-1
10202,1
27271,-1
30612,-1
14556,-1
21893,-1
12724,-1
16803,1
31255,-1
11051,-1
18531,-1
19752,-1
1087,-1
27219,-1
24582,-1
5282,1
11625,-1
31206,1
6933,-1
25323,1
14918,-1
11567,-1
16823,-1
10092,-1
9477,-1
6826,-1
30907,-1
3246,-1
27971,-1
1053,-1
7330,1
16894,-1
7117,1
31569,-1
25642,-1
10192,-1
32028,1
19704,-1
14967,-1
31688,1
32415,-1
16954,-1
25889,-1
19450,1
25306,1
12307,-1
32361,-1
18204,-1
9682,-1
99,-1
12406,-1
1402,-1
1676,-1
15516,-1
21791,1
30378,-1
2789,-1
2617,-1
9975,-1
21830,-1
3469,1
12094,-1
25441,-1
15495,1
12723,1
17227,-1
14218,-1
27790,-1
626,-1
6289,1
22949,-1
30120,-1
22467,-1
16372,1
15556,1
29041,-1
26552,-1
4970,-1
2041,-1
32398,-1
5683,-1
10902,1
3106,1
21613,-1
16564,-1
15538,1
24448,-1
7569,-1
31527,-1
8710,1
24324,-1
3050,1
5414,1
10189,-1
23961,1
8663,-1
19141,-1
506,-1
26570,1
32000,-1
3592,-1
28596,1
17176,1
21706,1
11313,-1
9165,-1
12295,-1
30673,-1
4199,-1
8341,-1
21723,1
12514,-1
10958,1
11813,-1
27590,-1
20763,-1
4949,1
24076,-1
14952,-1
15477,1
16550,-1
9123,1
18773,1
22809,-1
14544,-1
31725,-1
3789,1
15391,-1
30200,-1
19640,-1
10986,1
26919,-1
17877,-1
14791,-1
5501,-1
30753,1
25937,-1
20874,-1
11189,-1
27968,-1
18198,-1
14753,-1
12585,-1
14942,1
28721,-1
26182,1
6010,1
4461,-1
8762,-1
26437,1
2952,-1
21580,-1
16361,-1
10508,-1
21269,-1
10914,-1
24091,-1
10042,1
5824,1
23009,-1
20200,1
2084,-1
5503,-1
9328,-1
27232,1
7420,-1
11491,-1
8161,-1
9892,-1
17316,-1
8483,-1
23843,-1
6081,-1
4305,-1
11358,-1
29827,-1
28278,-1
26112,-1
17423,-1
13415,-1
14664,-1
30275,-1
19461,-1
10855,1
24334,1
25700,-1
22068,-1
27828,-1
20718,-1
9918,-1
344,-1
32161,1
15820,-1
963,-1
5382,-1
30214,-1
2323,-1
20933,-1
8971,-1
2009,-1
23791,-1
6663,-1
31196,-1
7439,-1
32187,-1
25753,-1
25621,-1
21016,-1
5665,-1
15546,1
22660,-1
15105,-1
15409,1
27069,-1
1045,-1
464,-1
22273,-1
1131,-1
25906,1
7325,-1
8958,-1
30325,-1
24893,-1
23189,-1
22978,-1
23038,-1
30574,-1
25654,-1
1396,1
9441,-1
7745,1
4991,-1
6646,-1
1215,-1
18328,-1
26740,-1
10427,-1
7667,-1
24513,-1
15868,-1
25335,1
26847,-1
28904,-1
22731,-1
24350,-1
14508,-1
14156,-1
12170,-1
2898,-1
28297,-1
664,-1
11838,-1
30134,-1
22754,1
15695,-1
21250,-1
2533,-1
29782,-1
12890,-1
25743,1
32270,1
10673,1
4638,-1
27930,-1
4989,-1
31197,-1
8324,-1
31132,-1
25015,-1
21419,-1
17811,-1
2943,-1
14068,-1
15999,-1
2404,1
29157,-1
15602,-1
28736,-1
1448,1
11450,1
11611,-1
9084,1
16579,-1
31012,-1
13398,-1
7822,-1
10882,-1
21945,-1
12296,-1
15684,-1
15392,-1
1450,-1
7258,1
2718,1
20599,1
8622,-1
20739,-1
2918,1
14470,1
6149,1
5662,-1
4120,-1
21950,1
16903,1
5504,-1
12166,-1
26748,-1
13701,-1
19377,-1
18829,-1
25604,1
14760,1
22749,1
28548,-1
19478,-1
13369,-1
11274,-1
15107,-1
2525,-1
2405,-1
13608,-1
29572,-1
28780,-1
6248,1
25395,1
17613,-1
852,-1
26785,-1
28650,1
26550,-1
4706,-1
2236,1
24505,1
9948,-1
28876,-1
14636,-1
28356,-1
17842,1
24516,-1
6689,-1
10099,-1
27092,-1
25456,1
2281,-1
3318,-1
8870,-1
5987,-1
7178,-1
15110,-1
8403,-1
5657,-1
10094,-1
25980,-1
26775,-1
12860,-1
23901,-1
23239,-1
29454,-1
22513,1
31587,1
1012,1
4577,1
26608,-1
16443,-1
312,-1
11235,-1
14383,-1
20166,-1
24533,1
32450,-1
3690,-1
28174,-1
30003,-1
6759,-1
3100,-1
27308,1
15027,-1
474,-1
3923,-1
5595,-1
31622,-1
5332,-1
32061,1
9093,1
20272,-1
6676,-1
10406,1
17887,-1
26755,-1
24157,-1
775,-1
1047,-1
8147,-1
18476,-1
9233,-1
2318,1
12915,-1
8672,-1
30365,-1
7602,-1
11082,1
12107,1
6341,-1
6204,-1
28343,1
5199,-1
12761,-1
5081,-1
20161,-1
28873,-1
24378,-1
20275,-1
22445,-1
17117,-1
3027,1
4851,-1
15939,-1
31045,-1
9423,-1
20873,1
8214,-1
674,1
20077,-1
18206,-1
12362,-1
18104,-1
5688,1
17966,1
31875,-1
2222,-1
18600,-1
3077,1
2907,-1
5841,1
14615,-1
2819,-1
8447,-1
2571,-1
24163,-1
22779,-1
27978,-1
10256,-1
19410,1
9358,-1
13985,1
3425,-1
24541,-1
20087,-1
12195,-1
1302,1
28150,-1
9331,1
16437,-1
6216,1
2541,-1
14355,-1
26022,-1
6508,-1
21828,-1
22767,1
7594,-1
12354,1
31762,-1
18762,-1
19948,-1
31916,-1
23016,1
10468,-1
3474,-1
31254,1
26804,1
18674,1
19770,-1
1738,-1
18515,-1
18288,-1
8057,-1
25347,-1
7104,1
9971,-1
6134,-1
15469,-1
25062,1
13005,1
4201,1
8505,1
17464,-1
3473,-1
26445,-1
18319,-1
15874,-1
31914,-1
14467,1
23007,-1
22453,-1
12063,-1
8510,1
17967,-1
2457,-1
1276,1
23346,-1
18086,-1
6377,-1
18429,-1
5341,-1
21410,-1
14399,-1
22428,-1
5908,-1
1482,1
11747,1
872,1
11500,-1
16429,-1
3349,1
16261,1
20457,-1
4475,1
18239,-1
1453,1
3710,-1
28385,-1
7842,1
15561,1
27283,1
6164,-1
24608,-1
9920,1
28941,-1
6902,-1
28231,1
18632,1
10726,-1
8832,-1
13090,-1
1640,-1
25201,-1
8480,-1
18497,1
22034,-1
5219,1
4308,-1
32011,-1
29232,-1
4850,-1
11841,1
5980,1
9051,-1
31227,-1
30833,-1
13360,-1
7665,-1
22159,-1
25554,1
32211,-1
12346,-1
29129,-1
23538,1
21963,-1
8362,-1
831,1
25744,-1
866,-1
5532,1
33,-1
16497,-1
5485,-1
19514,-1
19806,-1
32162,1
22758,1
24874,-1
16631,1
19673,-1
3394,-1
18507,-1
3455,-1
274,-1
13315,-1
30190,-1
30422,1
10887,1
7161,-1
2767,1
10301,-1
25331,-1
11306,1
20911,-1
6620,-1
15854,-1
24422,-1
18652,-1
19294,-1
31141,-1
4165,1
5500,1
26350,1
20742,-1
19111,-1
4982,-1
11129,-1
3045,-1
16192,-1
5218,-1
26472,-1
22576,-1
31691,-1
11955,1
23607,-1
4084,-1
20261,-1
7726,1
29863,-1
28196,1
16804,-1
12313,-1
27305,-1
3063,-1
23031,-1
30071,-1
25079,1
23468,-1
15727,1
17039,1
31811,-1
14471,-1
13988,-1
5727,1
20535,1
25671,-1
31312,-1
7091,-1
24249,-1
15521,-1
8972,-1
2635,1
1411,-1
15299,-1
4520,-1
13225,-1
8351,1
3023,-1
32341,1
20255,1
16795,-1
17318,1
7554,-1
5040,-1
28241,-1
26380,-1
19432,-1
11537,1
3698,-1
17927,-1
6087,-1
939,-1
7916,-1
6128,-1
31729,1
20892,-1
2585,-1
20513,1
28081,-1
4894,1
9606,-1
2949,-1
15809,-1
3230,1
26965,-1
15024,-1
5838,-1
8170,-1
27707,-1
8658,-1
30231,1
10506,1
9544,-1
7932,-1
3256,1
11327,1
30310,-1
9961,-1
20940,-1
29886,-1
26547,-1
776,-1
480,-1
16290,-1
22946,-1
20604,-1
911,-1
6280,-1
28778,-1
10980,1
2982,1
17990,-1
1388,-1
9482,-1
3899,-1
26224,-1
7467,1
1698,-1
6319,-1
6188,-1
31001,-1
3441,-1
30448,1
29946,-1
29169,1
26716,1
9701,-1
30345,-1
4772,-1
5863,-1
811,-1
12657,-1
10898,-1
3916,-1
14816,-1
3056,-1
15963,-1
31301,-1
17539,1
27363,1
25909,-1
28957,-1
30829,-1
1103,1
15569,-1
2947,-1
8459,1
15499,-1
31841,-1
12276,-1
25763,-1
26782,1
30114,-1
15482,-1
17115,1
15490,-1
16313,1
16037,-1
1475,-1
24284,-1
14911,-1
6867,-1
6552,-1
32499,-1
29356,1
16948,-1
23845,1
24515,-1
19193,1
18484,1
16097,-1
3858,-1
17001,1
1434,-1
16368,-1
19352,-1
29679,-1
23946,-1
26174,-1
23201,-1
19411,-1
18220,-1
25684,-1
1590,-1
30266,1
2633,1
7132,-1
29566,-1
15834,-1
17234,-1
20848,1
25956,-1
1834,-1
4421,1
8735,-1
14906,1
18593,-1
16046,-1
8227,-1
4080,-1
2492,-1
21308,-1
10475,-1
2342,-1
18529,-1
24678,-1
13754,-1
28516,-1
23137,-1
23187,-1
15057,-1
9048,-1
29070,-1
18856,-1
19482,-1
18346,-1
23573,-1
21206,1
15993,-1
5306,-1
8393,-1
30094,-1
31265,-1
15952,-1
27165,1
6442,1
3509,-1
10083,-1
11203,1
21046,-1
22521,1
3202,-1
14240,1
15811,-1
15852,-1
7204,-1
8194,-1
8188,1
12933,1
3410,1
2467,-1
11832,-1
31137,-1
30585,-1
13885,1
9329,1
24278,-1
17730,-1
4672,-1
31605,-1
2012,-1
17439,-1
12286,1
13011,-1
13730,-1
25797,-1
28837,-1
14314,1
22894,-1
16137,-1
3761,-1
13052,-1
29559,-1
27205,-1
11913,1
20471,1
15825,-1
29620,-1
24038,1
14928,1
9849,-1
9469,1
22210,1
29054,-1
29865,1
19215,-1
24514,1
3694,-1
9132,-1
3588,-1
21294,-1
11188,-1
12758,1
1661,1
9645,-1
25381,1
2950,-1
2714,-1
3638,-1
22920,-1
25870,-1
26621,-1
13573,-1
13756,-1
24512,-1
5183,1
11229,-1
15214,-1
2992,-1
1937,-1
17605,-1
13664,-1
17282,-1
28577,1
10557,-1
22775,-1
17636,-1
8713,1
10697,-1
28054,1
1346,1
1282,-1
3510,-1
17893,-1
2310,-1
3518,1
3706,-1
17243,-1
23699,-1
31661,-1
12384,-1
4237,-1
17914,1
32078,-1
2442,-1
12769,1
1395,-1
14623,-1
15196,-1
7721,1
20294,-1
13098,-1
451,1
22560,-1
7841,-1
52,1
26372,-1
23362,-1
21880,-1
8045,-1
8295,-1
4181,-1
5763,-1
14874,-1
3928,-1
8281,-1
3463,-1
10422,-1
27274,-1
13238,1
31266,1
13557,1
24455,-1
5201,-1
2929,-1
10261,-1
17295,-1
13633,-1
24875,-1
5139,-1
31649,-1
6478,1
15201,1
23975,-1
5623,-1
21662,-1
28353,-1
16656,-1
30313,-1
13787,1
28393,1
12361,-1
19026,-1
2904,-1
24602,1
501,-1
24986,-1
16734,-1
22006,-1
17599,-1
14739,1
6138,-1
15287,-1
11398,1
8283,1
30532,-1
11225,-1
30373,1
15709,-1
19961,-1
30720,-1
2029,1
18418,1
10012,-1
30961,1
14146,-1
12527,-1
8196,-1
13720,-1
27939,1
30764,-1
27510,-1
18433,-1
30341,-1
28591,-1
10039,-1
27041,1
31596,1
25265,-1
9398,-1
12348,1
6699,1
14558,-1
12499,-1
10133,-1
4794,1
25376,-1
10470,-1
16183,1
22790,-1
30777,-1
9315,1
32413,-1
29972,-1
8151,1
22020,-1
28376,-1
24188,1
26889,1
26510,-1
4900,-1
9410,-1
30436,-1
19580,-1
1182,1
3222,-1
20997,-1
18584,-1
4810,-1
16495,-1
3265,1
21365,-1
28467,-1
24195,-1
10078,-1
16435,-1
17445,-1
22216,-1
22637,-1
27761,-1
16273,1
12457,-1
28783,-1
12633,-1
19578,-1
21189,-1
100,1
11693,-1
9022,1
2207,-1
18169,1
10378,-1
13922,1
31785,-1
3254,-1
28372,-1
5654,-1
31529,-1
25616,-1
9426,-1
23647,-1
15838,-1
29269,-1
10056,-1
21786,-1
8021,-1
23357,-1
28581,-1
15001,1
14833,-1
10424,-1
21483,-1
5584,1
30021,1
7555,1
16130,-1
31885,-1
25718,-1
17697,-1
18716,-1
2676,-1
2070,-1
22578,1
32546,-1
4400,-1
23082,-1
28822,-1
30065,1
25294,-1
29706,-1
11198,-1
27416,-1
789,-1
13678,-1
13196,-1
18783,-1
31134,-1
16305,-1
6392,1
9926,-1
2061,-1
5953,-1
21033,1
9284,-1
6803,-1
21412,-1
1966,-1
280,-1
26951,-1
26108,-1
1690,-1
8206,-1
7503,1
12741,-1
2043,1
8223,1
10075,-1
29203,-1
21764,-1
19940,-1
19934,-1
22557,-1
11067,-1
20574,-1
879,-1
20371,-1
24947,-1
24909,-1
10943,-1
29901,1
24980,-1
16224,-1
32511,-1
1569,-1
9558,-1
23733,1
16381,-1
25560,-1
26021,1
6547,-1
13943,-1
27746,-1
28000,-1
13185,1
13643,-1
1266,1
22796,-1
25716,-1
14834,1
14152,1
21912,1
21065,1
12859,-1
2227,-1
11119,-1
1962,1
11827,-1
30148,-1
11806,-1
5005,1
17571,-1
9185,-1
26858,-1
11592,-1
121,1
18775,-1
6896,1
20134,1
32206,-1
30164,-1
9480,-1
21356,-1
7981,-1
23350,-1
25586,-1
24102,-1
31597,-1
29734,-1
23363,-1
2398,-1
3842,-1
8602,-1
31671,1
3585,-1
17470,-1
24930,-1
8721,1
10235,-1
334,-1
28128,-1
23090,-1
18041,-1
29664,1
5653,-1
21169,-1
21105,-1
8518,-1
14982,-1
4636,-1
8337,-1
8902,-1
14268,-1
4206,-1
4404,1
25989,1
9693,-1
28208,1
30217,1
16089,-1
16328,-1
18754,-1
16003,-1
26330,-1
11895,-1
24901,-1
29558,1
21468,1
23352,-1
20357,-1
6835,-1
21458,-1
657,-1
10305,-1
18851,-1
24492,-1
22960,-1
9279,1
27873,1
993,1
943,-1
14927,-1
7305,1
18314,1
20408,-1
8492,-1
27623,-1
7579,1
17074,-1
5770,-1
16415,-1
23668,-1
23136,-1
26408,-1
27467,-1
13626,-1
14704,-1
7508,-1
905,-1
10911,-1
16580,-1
9774,-1
24708,-1
8240,-1
21716,-1
10153,-1
21864,-1
17284,-1
26169,-1
31646,-1
24562,-1
12290,-1
3322,1
7901,-1
18975,-1
10814,1
27354,-1
16416,1
30906,-1
6211,-1
26059,-1
26777,-1
8969,-1
5138,-1
18470,-1
28285,-1
15135,-1
4903,1
21915,-1
4028,-1
17707,-1
26318,-1
7793,-1
4667,-1
9801,1
5467,-1
4448,-1
5720,-1
4589,-1
28585,1
26947,-1
6757,-1
22120,-1
13252,1
24270,1
12550,-1
27040,-1
7422,-1
23869,-1
16541,-1
19684,-1
27603,1
30665,1
18500,-1
18318,1
3172,-1
18499,-1
16420,-1
18798,-1
26505,1
3769,-1
7113,-1
25938,-1
16551,-1
8618,1
20163,1
29570,-1
7152,-1
6977,-1
20090,-1
32462,1
11792,-1
20924,-1
10772,-1
25014,-1
25047,-1
31772,-1
21177,1
2664,1
32372,1
30292,-1
18379,-1
17057,-1
24125,1
3826,-1
2508,-1
596,-1
9353,-1
15073,-1
27264,-1
29429,1
18034,-1
6631,1
19518,-1
5523,1
13655,1
20525,-1
29806,1
288,-1
21553,1
8348,1
30046,1
3492,-1
26893,1
32467,-1
13133,-1
4217,-1
26422,-1
13607,-1
3848,-1
22753,-1
13321,1
22688,1
23684,-1
26871,1
4756,-1
14522,-1
24957,1
5226,-1
28688,-1
16949,-1
23529,-1
18858,1
27067,-1
28636,1
702,-1
15440,-1
8047,1
343,-1
32406,-1
4070,-1
4149,-1
912,-1
25332,1
18069,-1
29285,1
6328,-1
14105,-1
29039,-1
1035,-1
6527,-1
14740,-1
8589,-1
8,1
22103,-1
9952,-1
31821,-1
8238,-1
31866,-1
16707,-1
9753,-1
12679,-1
21688,-1
6052,-1
15319,-1
21960,1
27571,-1
17962,-1
14773,1
10788,-1
1680,-1
18872,-1
32263,-1
28742,-1
30686,-1
10398,-1
15230,1
21022,-1
651,-1
10341,-1
18702,1
14462,-1
9574,-1
715,-1
25318,-1
22148,-1
18575,1
24392,-1
31728,-1
6815,-1
28895,-1
7510,-1
17928,1
25565,-1
29219,-1
10560,-1
10843,-1
29501,1
29716,-1
32320,-1
11570,-1
718,-1
21143,-1
8157,1
7986,1
31633,1
13126,-1
24600,1
12525,-1
6635,-1
4282,-1
5915,-1
16629,1
24757,-1
6921,-1
18682,-1
30819,-1
3488,-1
12829,-1
27450,-1
5225,-1
5006,-1
6498,-1
15435,1
5186,-1
6014,-1
28083,1
28119,-1
12414,-1
19372,-1
27038,-1
9512,-1
23827,-1
10130,-1
16764,-1
26279,-1
24931,1
22407,1
11276,-1
28986,1
8504,-1
24796,-1
15344,-1
22199,-1
19161,-1
27938,-1
8922,-1
6418,-1
13344,-1
12733,-1
13728,-1
7722,-1
4424,-1
199,-1
26264,-1
11742,-1
15573,-1
7880,1
27230,-1
14756,-1
18927,-1
12456,-1
11928,-1
26461,-1
17372,-1
13066,1
17655,-1
3799,-1
18367,-1
27166,1
19413,-1
6865,-1
25463,-1
32194,-1
346,-1
1945,1
12885,-1
13060,-1
24186,-1
5762,1
28269,-1
22151,-1
29066,-1
28875,-1
8686,-1
1414,-1
26048,-1
10185,1
17267,-1
19979,-1
7303,-1
24141,1
19211,-1
32016,-1
5570,1
12364,-1
8317,-1
144,-1
28273,-1
10982,-1
1050,-1
18326,-1
9396,1
17183,-1
1512,1
28544,-1
32442,-1
3064,-1
17684,-1
18139,-1
16981,-1
30315,1
1818,-1
18915,-1
13469,1
8048,1
11711,-1
22094,-1
27270,-1
11356,-1
31564,-1
21803,-1
22524,1
15404,-1
16168,-1
5195,-1
23097,-1
12958,-1
19875,-1
30831,1
20216,-1
8868,-1
13235,-1
4115,1
32560,1
24444,-1
11568,-1
12136,-1
11845,-1
10709,-1
31812,-1
18056,-1
9607,-1
24628,-1
15508,-1
8255,1
7826,-1
12376,1
19802,-1
31448,1
19505,-1
18948,1
24638,1
18736,-1
30578,1
8980,-1
12451,-1
25686,-1
15239,1
4665,-1
29735,-1
18857,-1
6814,1
8331,-1
5535,-1
26236,-1
20135,1
14910,-1
4037,-1
21840,1
28514,-1
31386,-1
21859,-1
30971,1
26492,-1
27431,-1
23974,-1
8970,-1
17918,-1
21328,1
1771,1
7552,-1
16680,-1
16545,-1
24084,1
2136,-1
14050,-1
23319,1
20699,1
9541,-1
19828,-1
10376,1
9440,1
4962,-1
12024,-1
20303,-1
28674,-1
4932,-1
15891,-1
25406,-1
14148,1
4203,1
26269,1
21154,-1
18568,1
261,1
7949,-1
11974,1
10388,-1
24447,1
10289,-1
8119,-1
5034,-1
24175,-1
8178,-1
26714,-1
10454,-1
8992,-1
11941,1
656,-1
21769,-1
22493,-1
6214,-1
31272,1
28002,-1
18493,-1
16553,-1
19598,1
16752,1
7484,-1
7136,-1
7794,-1
3532,-1
17869,-1
1444,1
26438,-1
2901,1
5715,-1
30511,-1
22717,-1
7155,1
7885,-1
7042,-1
24806,-1
23262,1
16104,-1
3128,-1
3634,-1
14313,-1
26081,-1
19754,1
11456,1
2334,1
1489,1
23402,-1
27967,1
17341,-1
1851,1
26066,-1
1366,-1
19966,-1
11478,-1
13912,1
6926,-1
8293,-1
27375,-1
28113,-1
12587,-1
12624,-1
14937,-1
11960,-1
7558,1
4256,-1
18009,1
23634,-1
11857,-1
367,-1
11731,-1
25447,-1
8355,-1
32302,1
31595,-1
127,-1
22082,1
11579,-1
28258,-1
9153,-1
32544,-1
20139,-1
29809,1
456,-1
23371,-1
6746,-1
11433,-1
26525,-1
1805,-1
30,-1
30469,-1
4468,-1
12104,-1
11257,-1
3162,-1
3498,-1
17541,1
4974,1
21242,-1
18067,-1
18665,1
13487,-1
18641,-1
12825,-1
24784,-1
13551,1
10721,-1
20482,-1
9061,-1
32519,1
24912,-1
21881,-1
20729,-1
31888,-1
6551,-1
13581,-1
27619,1
26604,-1
12968,-1
10149,-1
536,-1
6886,-1
14431,-1
3778,-1
15324,-1
30913,1
10841,-1
21075,-1
7609,-1
28899,1
12111,-1
25093,-1
7505,-1
20664,-1
19336,-1
985,-1
12675,-1
15967,-1
32031,-1
29082,-1
26828,-1
19803,-1
2566,-1
19851,-1
29057,1
12709,1
6453,1
7231,-1
20637,-1
5883,-1
9535,-1
28526,-1
21819,-1
2851,-1
17931,-1
11917,-1
20252,1
8028,-1
219,-1
10342,1
26797,1
22715,1
6206,-1
18969,-1
3483,1
20155,-1
7346,-1
16092,1
23856,-1
2641,-1
22761,1
17704,-1
7840,1
32370,1
32317,-1
4125,-1
21462,-1
13188,-1
28970,1
5859,-1
26117,-1
2463,-1
21403,-1
11448,-1
27471,1
15270,-1
25602,1
22174,1
21666,-1
2471,-1
24831,-1
20217,-1
9378,1
20100,-1
15252,-1
20138,-1
27779,-1
19311,-1
15221,1
29466,-1
8570,-1
11869,-1
1741,-1
27560,-1
15286,-1
32088,-1
23293,-1
10630,-1
15492,-1
4993,-1
2583,1
17092,1
15964,-1
4759,-1
28950,-1
20593,-1
18341,1
28978,1
3971,-1
11623,-1
11942,-1
19771,-1
11585,-1
24397,1
2684,-1
31380,1
13396,-1
29891,1
6148,-1
25305,-1
23463,-1
31076,1
29291,-1
3177,-1
12160,-1
22799,-1
26855,-1
30890,1
20571,-1
19570,-1
2582,-1
2724,-1
24923,1
17474,-1
27453,-1
27161,1
17926,-1
25713,-1
3334,-1
31142,-1
12524,-1
24215,1
2171,-1
8040,1
28851,1
27415,-1
31941,-1
9698,-1
4699,-1
12440,1
11414,-1
11117,-1
10581,-1
21101,-1
9397,1
8692,-1
12477,-1
7917,-1
5215,1
18709,-1
9573,-1
25467,-1
27478,-1
26729,1
25491,1
12973,-1
28102,-1
13816,-1
32183,1
31844,-1
5975,-1
10430,-1
2579,-1
16985,-1
27749,-1
11393,-1
23872,-1
15537,-1
23982,-1
13619,-1
18439,-1
27503,-1
8978,-1
4387,-1
23316,-1
291,-1
31131,-1
28182,-1
2085,1
6517,-1
25660,1
17561,-1
24206,-1
13820,-1
23983,1
21883,-1
7729,-1
8725,1
1553,-1
1765,1
31952,1
16970,1
2865,-1
25246,-1
4303,-1
25516,-1
27540,-1
3740,-1
16221,-1
16404,1
20755,-1
20893,1
8310,-1
14014,-1
4104,-1
32019,-1
11321,-1
31957,-1
2797,-1
29590,-1
14563,-1
16337,1
24952,-1
15227,-1
741,-1
5157,-1
30978,-1
27802,-1
2549,1
32177,-1
28261,1
17407,-1
4739,-1
4286,-1
2496,-1
6145,-1
7427,-1
11389,-1
32385,-1
11086,-1
27791,-1
4438,1
12263,-1
12620,1
4702,-1
1827,-1
640,-1
23738,-1
17078,-1
15395,-1
18837,-1
25816,-1
953,-1
11997,-1
9403,-1
16765,1
26933,-1
27617,-1
17202,-1
21761,-1
29626,1
29128,-1
21256,-1
13375,-1
19335,1
18477,-1
5640,-1
13040,-1
4040,-1
3566,-1
11000,-1
17501,1
1202,-1
20011,-1
21489,1
17841,-1
17344,-1
18234,1
11462,-1
16912,-1
1322,-1
26145,-1
11518,-1
15558,1
4391,-1
5221,-1
8931,-1
3211,-1
19264,1
3308,-1
25962,-1
8180,-1
2081,1
24963,-1
9579,-1
15452,-1
9267,-1
13642,-1
15430,-1
16973,-1
20062,-1
9585,-1
23129,-1
28518,-1
25245,-1
28829,-1
10519,-1
5673,1
10296,1
18396,1
14264,-1
17486,-1
15148,-1
8375,-1
5164,-1
2221,-1
26721,-1
30796,-1
22401,-1
11679,-1
431,-1
18456,-1
26863,-1
2687,1
512,-1
27179,-1
30407,-1
1901,-1
20667,-1
27330,-1
28239,-1
4072,-1
31110,1
12340,1
7405,-1
30126,-1
11243,-1
15108,1
22674,-1
21768,-1
4749,-1
19931,-1
26849,-1
17444,1
22016,-1
8225,-1
4480,-1
19268,-1
3979,-1
7339,-1
8537,-1
15645,-1
12079,-1
20821,-1
14814,1
10385,-1
17982,-1
2955,1
11024,-1
23566,-1
5346,-1
5934,-1
13940,-1
230,-1
13355,-1
15789,-1
20796,-1
30520,-1
7976,1
31470,-1
2762,1
21011,-1
10609,1
30908,-1
29107,-1
9621,-1
124,-1
26179,-1
29981,1
23112,-1
24358,-1
18026,-1
19080,1
23914,-1
9149,-1
30191,-1
10193,1
29463,-1
5865,-1
7836,-1
14999,1
23056,-1
21449,-1
20766,-1
1336,-1
28466,-1
29456,-1
1470,-1
13486,1
7907,-1
16144,-1
1642,1
24005,-1
27881,-1
3494,-1
4320,-1
2362,1
13638,-1
27888,-1
22224,-1
29695,1
21296,-1
2133,-1
18407,-1
31360,-1
31002,-1
11959,-1
21441,-1
22782,-1
2088,-1
27927,-1
1873,-1
11502,1
27813,1
2485,-1
14702,1
28112,-1
299,-1
30421,-1
14155,-1
21983,1
11624,1
11368,-1
15294,-1
14578,-1
4178,-1
5386,-1
8156,1
30980,1
16560,-1
11449,-1
4484,-1
17230,-1
26478,-1
32469,-1
20274,-1
11854,1
3482,-1
31643,1
19051,-1
31306,1
24589,-1
752,-1
5348,-1
16718,-1
9640,1
10182,-1
28162,-1
16700,1
3548,-1
32146,-1
4788,1
18390,-1
20948,-1
16842,-1
30736,1
1147,1
23378,1
21866,-1
18195,-1
30839,1
9375,-1
8889,-1
1474,-1
23656,-1
30797,-1
20345,-1
3995,-1
22396,-1
12023,1
14981,1
29120,1
29190,-1
29621,-1
18280,-1
12735,-1
20631,-1
24013,-1
28230,-1
18623,1
21399,-1
9287,-1
8779,-1
22592,1
21117,-1
8596,-1
28358,-1
20235,-1
32354,-1
32309,-1
3711,-1
7937,-1
18772,-1
6379,-1
24309,1
18599,-1
4322,1
7403,1
19210,-1
29297,-1
26626,-1
3284,1
10023,-1
6909,-1
5771,1
3658,-1
10533,1
6072,-1
17788,-1
30703,-1
13909,-1
26753,-1
10548,-1
27004,-1
10250,-1
17036,-1
28204,1
10495,-1
4977,-1
12534,-1
2991,-1
14092,-1
15662,-1
10463,-1
32242,-1
18840,1
5260,-1
8029,1
1947,-1
28509,-1
5638,-1
32527,-1
30255,-1
24289,-1
1612,1
29546,-1
7212,-1
25409,-1
19447,-1
25270,-1
24859,1
1026,-1
17960,-1
20778,-1
16222,-1
24296,-1
4265,1
20133,-1
31492,-1
14173,1
28378,-1
17554,-1
23633,-1
17971,-1
25008,-1
35,-1
1730,1
6633,1
27315,-1
22685,-1
1471,-1
6708,1
10496,1
14129,-1
24540,-1
24413,-1
1422,-1
19295,-1
13688,-1
2055,-1
25737,-1
19876,-1
21404,1
26749,-1
10491,-1
27459,-1
6316,-1
18059,-1
19527,-1
25622,-1
10963,-1
12706,-1
10549,-1
16975,-1
25615,-1
5749,-1
18980,-1
26299,-1
1393,-1
18065,-1
382,-1
3169,-1
5679,-1
17645,-1
5705,1
8763,-1
25598,-1
17178,-1
21496,-1
24730,-1
29906,-1
7364,-1
19261,-1
20248,1
25114,-1
802,-1
12481,-1
18955,-1
28547,-1
15375,1
23414,-1
9960,-1
6876,1
16796,1
27149,1
29675,-1
14338,-1
17465,1
29377,-1
3831,1
19709,-1
2595,-1
3635,-1
5553,-1
32233,-1
15396,-1
27647,-1
19375,-1
2408,-1
15018,1
13784,1
12146,1
25799,1
5879,-1
12137,-1
7112,1
7676,1
27184,-1
6576,1
7071,1
8466,-1
5551,-1
8617,-1
18757,-1
9485,-1
15691,1
27868,1
25822,1
8925,-1
4147,-1
14214,-1
25908,1
22275,1
2703,-1
6484,-1
22820,-1
19725,1
32087,-1
28323,-1
24258,-1
20024,-1
2752,-1
16239,-1
10890,-1
3885,-1
31516,1
1666,1
12526,1
27449,-1
4580,-1
31267,-1
15626,1
6813,-1
3270,-1
25600,-1
15793,-1
23707,-1
18176,-1
15773,-1
25317,-1
19813,1
6434,-1
30828,-1
12622,1
16366,-1
11976,1
9252,-1
26020,-1
31053,-1
12220,-1
19967,-1
15416,-1
30047,-1
20359,-1
31816,1
22498,1
16247,-1
8761,1
7353,1
14454,-1
12710,-1
25827,-1
13110,-1
6788,-1
30016,-1
20964,1
13595,-1
23810,-1
4832,-1
20158,-1
283,-1
17171,-1
11699,-1
2250,-1
2259,-1
3451,1
7567,-1
11444,-1
8786,-1
19536,-1
16614,1
16397,-1
12381,1
4984,-1
28207,-1
31339,-1
20063,-1
32067,-1
9946,-1
8643,1
3702,-1
30298,-1
6367,-1
611,-1
18669,1
14747,-1
70,-1
11248,1
16757,1
19468,-1
31336,1
28954,-1
27853,-1
2316,1
14084,-1
24563,-1
26973,1
25534,-1
27252,1
22228,1
31800,1
32247,-1
13325,-1
21297,-1
32427,-1
3329,-1
25099,-1
6480,-1
15829,-1
4140,-1
6580,1
21238,-1
15014,-1
11265,-1
30904,-1
7278,1
26671,-1
21565,-1
12037,-1
5025,1
25167,-1
28131,-1
28463,-1
28919,-1
9413,-1
16146,-1
31158,-1
21825,-1
13471,-1
9555,-1
10941,-1
13549,1
21026,-1
18167,1
28956,-1
21735,1
14886,-1
10944,-1
21039,-1
26341,-1
29105,-1
27462,-1
14729,-1
28438,1
19985,-1
31133,-1
1179,-1
6730,-1
27947,-1
32417,-1
22353,1
10347,-1
20531,-1
28212,-1
6830,-1
21525,-1
8674,-1
8197,-1
6489,-1
5742,-1
7221,-1
14983,-1
16298,-1
1121,-1
23163,-1
959,1
17052,1
30609,1
30754,-1
6596,-1
11495,-1
27049,1
24640,-1
23311,-1
23495,-1
22143,-1
14705,-1
15953,-1
25699,1
31863,1
11204,1
8184,-1
29986,1
23356,-1
31753,-1
1163,1
1175,1
17736,1
27742,-1
11476,1
13524,-1
19202,1
17635,-1
2277,-1
28762,-1
5405,1
21733,-1
19666,-1
19035,-1
22926,-1
15526,-1
14978,-1
19652,-1
13533,1
21429,-1
147,-1
25664,-1
17379,-1
22819,-1
7397,1
28590,-1
5042,-1
43,-1
9517,-1
10001,-1
19667,-1
12599,1
8358,-1
24379,1
13792,-1
6239,-1
15907,-1
30580,-1
7487,-1
12027,-1
24568,-1
5525,-1
5659,-1
14592,-1
29557,-1
29665,-1
10598,-1
3316,-1
3840,-1
19185,-1
32325,-1
18472,-1
13504,-1
28302,-1
9176,-1
3939,-1
30150,-1
27636,-1
15767,1
12833,-1
8500,1
24325,-1
12209,1
22145,-1
3595,-1
2694,1
23748,-1
3210,-1
14689,-1
19990,-1
8292,-1
24383,-1
25638,-1
9568,-1
27694,-1
25297,-1
25941,-1
12215,-1
30569,-1
11290,-1
11547,-1
25334,-1
12756,1
2445,-1
6234,-1
24662,1
18815,-1
4972,1
21990,-1
8489,-1
3102,-1
5284,-1
29872,1
11852,1
10359,-1
22035,-1
18012,1
21222,-1
23785,-1
31372,-1
16215,-1
32188,-1
29445,-1
28065,-1
26504,-1
26988,-1
32537,-1
19469,-1
5671,-1
10299,-1
3426,-1
4501,-1
18612,-1
13437,-1
12042,-1
11400,-1
11778,-1
616,-1
14103,-1
11931,1
18217,-1
5098,1
9172,-1
22073,-1
29289,-1
9418,1
20641,1
19460,-1
18022,-1
6522,-1
8856,-1
8454,1
22205,-1
12358,-1
17687,-1
15180,-1
30557,-1
4634,1
26787,-1
17435,-1
7945,-1
7792,1
22719,-1
10444,-1
13544,-1
27475,-1
26936,1
23949,-1
12434,-1
13599,1
1323,-1
11566,-1
9072,1
16486,-1
27245,-1
28318,1
31176,-1
7753,-1
21274,1
22065,-1
6535,1
15277,-1
7647,-1
20001,1
20972,-1
503,-1
19030,-1
18817,1
16536,-1
32236,-1
30512,-1
9707,-1
17892,-1
30121,-1
7302,-1
28094,-1
11866,-1
30695,-1
14897,1
20552,1
21009,-1
8929,1
23750,1
9391,1
19734,-1
31450,1
26003,1
27293,-1
19121,1
11029,1
6934,1
7474,-1
2333,-1
26598,-1
15000,-1
26320,1
28381,-1
15473,-1
12085,-1
18571,1
16758,-1
15044,-1
1603,-1
26197,-1
23074,-1
7486,-1
19304,-1
31831,1
5708,1
22011,1
27498,1
24075,1
16671,-1
4525,-1
25609,-1
11943,1
32131,1
28104,-1
1033,-1
28215,-1
23460,-1
16918,1
28115,-1
6462,-1
19057,-1
10859,-1
26781,-1
13214,1
18548,-1
3844,-1
3653,-1
31703,1
30592,-1
14337,-1
13789,-1
14836,-1
22279,-1
28130,-1
12266,1
7301,-1
25366,-1
20822,-1
22839,-1
13106,-1
1056,-1
17497,-1
26469,-1
5572,-1
11733,-1
14765,-1
1183,-1
907,-1
12302,-1
29850,-1
25404,-1
11499,-1
31986,1
1347,-1
14403,-1
24068,-1
13141,-1
3101,1
16886,-1
20402,-1
22699,-1
263,1
21861,1
24328,-1
24868,-1
21138,-1
19434,1
31874,-1
21231,-1
15505,-1
16487,-1
11501,1
16914,1
25198,-1
8037,-1
15348,-1
4351,-1
5379,-1
30987,-1
150,-1
3229,-1
18317,-1
15049,-1
29451,-1
31145,-1
23018,-1
11256,-1
21739,-1
5658,1
5786,-1
25175,1
13049,-1
5844,-1
7488,-1
7100,1
12238,-1
3099,-1
30004,-1
4336,-1
14420,1
22843,-1
14273,1
9402,-1
12487,-1
30806,-1
19794,-1
6224,1
23475,-1
4253,-1
26542,-1
12736,-1
27563,-1
10951,1
9767,-1
25272,1
25089,1
21978,1
5468,-1
25052,-1
18805,1
8880,1
29499,-1
19207,-1
28726,-1
21838,-1
25943,-1
17597,1
10746,-1
8891,-1
29717,1
6494,-1
11388,-1
28140,-1
24156,1
17441,-1
29352,1
29879,-1
22759,-1
26304,-1
2815,-1
8765,-1
14064,-1
16357,-1
28232,-1
315,-1
22085,1
14919,1
1915,1
16899,-1
20785,-1
17731,-1
12135,-1
24499,-1
7499,1
22236,-1
17528,-1
23568,-1
22722,1
28234,1
21405,-1
31769,-1
23716,-1
8676,-1
31082,1
16744,-1
26969,-1
2117,-1
12341,-1
2813,-1
22730,-1
15365,1
24876,-1
9202,-1
31958,-1
290,1
14094,-1
21728,-1
13505,1
5196,1
12690,-1
29538,-1
20130,-1
25589,-1
25544,-1
2214,-1
10030,-1
24090,1
24949,-1
13758,-1
9212,-1
875,1
7395,-1
3993,-1
22242,-1
13096,1
20035,-1
28210,-1
820,-1
25402,-1
12490,-1
10676,-1
11378,-1
14797,-1
6119,-1
20480,-1
11361,-1
22989,-1
26528,-1
31113,-1
14112,-1
2588,1
13976,1
30543,-1
8278,-1
23904,-1
29520,1
16810,1
8857,1
24256,-1
1729,-1
19248,-1
24919,1
7751,-1
9887,-1
26007,1
1387,1
6946,-1
32065,-1
31575,-1
2375,-1
15054,-1
5440,-1
1133,-1
16706,1
9509,-1
7012,1
2592,-1
6526,-1
15205,-1
7964,-1
18958,-1
13263,-1
2300,-1
6916,-1
9296,-1
29669,-1
22076,-1
9571,-1
29650,-1
17673,-1
30141,-1
14583,1
8121,1
24191,-1
13043,-1
349,-1
28960,-1
5224,1
15268,-1
2501,1
2309,-1
29159,-1
5825,-1
30267,-1
31945,-1
29217,-1
28849,-1
11072,-1
26032,-1
26067,1
15756,-1
22648,-1
28214,1
13713,-1
167,-1
22629,-1
31393,-1
6020,-1
20712,-1
31085,-1
14488,-1
1644,1
32346,-1
2414,1
17977,-1
19564,-1
29593,1
10919,1
3612,1
14795,1
25308,-1
12912,1
12836,-1
5940,-1
9985,-1
2760,-1
30394,-1
10865,-1
13099,-1
13008,-1
3503,-1
247,-1
19074,-1
21497,-1
13845,1
31214,-1
19106,-1
450,-1
487,-1
14469,-1
14956,1
22916,-1
6758,1
6650,-1
21921,-1
17468,-1
18760,-1
18465,-1
30952,-1
12784,-1
23798,-1
30128,1
31505,1
21487,1
30763,-1
23175,-1
12471,-1
1063,-1
11775,-1
8731,-1
25665,-1
30414,1
24940,1
22206,-1
28611,-1
1114,-1
17252,-1
26540,-1
16737,1
20174,-1
24572,-1
22531,-1
7553,1
17426,1
3001,-1
22710,-1
10134,-1
12216,1
2441,-1
24525,-1
4546,1
29341,-1
27666,-1
7090,1
1662,-1
11527,-1
14694,-1
791,1
15318,1
31191,-1
7725,-1
28979,1
24588,-1
12964,1
13488,-1
28800,-1
27493,-1
9792,-1
10352,-1
30752,1
29878,1
6293,-1
16870,1
20432,1
21801,1
32198,1
19820,-1
22064,1
19757,-1
30115,1
11489,-1
25677,-1
3197,1
4479,1
6562,-1
18578,-1
7850,-1
15296,-1
12324,1
16408,-1
8354,-1
29493,-1
31813,1
22525,-1
19984,-1
4602,-1
8835,-1
27669,-1
11365,-1
1371,-1
8552,1
24748,-1
14354,-1
1106,-1
22563,-1
10577,-1
4026,-1
11331,-1
8801,-1
16431,-1
28450,-1
720,-1
17970,-1
31243,-1
4720,-1
19007,-1
30484,1
28923,-1
16190,-1
7918,-1
4605,-1
18992,-1
32164,1
12650,-1
11513,1
1086,-1
19052,-1
22818,-1
21034,-1
31803,-1
13874,1
8575,-1
20428,-1
20992,-1
22728,-1
9932,-1
2332,1
20481,-1
30216,1
9653,-1
16777,-1
18002,-1
19191,-1
7680,-1
18993,-1
8651,-1
26970,-1
27783,-1
10328,-1
18547,-1
2145,-1
18111,1
12513,1
6983,-1
28821,-1
17950,1
22267,-1
16186,-1
21717,-1
29353,-1
11622,-1
1418,1
1311,-1
19862,-1
10175,-1
22792,1
24333,-1
5875,1
3608,-1
19512,-1
23435,-1
27304,-1
30251,-1
24718,-1
18884,-1
4375,-1
25739,1
14768,-1
4128,-1
31964,-1
17113,-1
2639,-1
4036,-1
29966,-1
26885,-1
7388,-1
12858,-1
14576,-1
27937,-1
9798,1
23242,-1
3035,1
601,-1
8944,-1
13291,1
28502,-1
27824,-1
32319,-1
21966,-1
27769,-1
18357,1
12725,1
1916,1
409,1
17192,-1
10392,-1
3827,-1
3350,-1
8979,-1
19140,-1
4152,-1
18611,-1
8079,1
28999,1
25255,1
9889,-1
25857,-1
24072,-1
17003,1
6309,-1
15712,-1
21333,1
26344,-1
19911,-1
221,-1
23211,-1
1107,-1
29643,-1
16583,-1
31537,-1
11655,-1
17552,-1
25947,-1
7514,-1
31192,-1
25897,-1
380,-1
21992,1
7708,-1
649,1
23188,-1
27289,1
25940,-1
11816,-1
25462,1
7653,-1
1822,-1
29753,1
19357,-1
30791,-1
21001,-1
20204,-1
22932,-1
2152,-1
12463,-1
29446,-1
14378,-1
28030,-1
607,-1
16556,-1
16620,-1
20520,-1
3589,-1
6857,-1
8478,-1
5388,1
17089,-1
27494,-1
19842,1
24152,-1
17989,-1
25810,-1
13827,-1
22397,-1
18121,1
18720,-1
18123,1
27278,-1
6133,-1
26668,-1
7947,-1
3421,-1
5548,-1
25496,-1
22672,-1
5449,-1
13959,-1
12032,-1
28935,-1
4252,-1
32395,-1
9939,1
25276,-1
2862,-1
14741,1
23511,1
24372,-1
13307,-1
1338,-1
24534,1
18080,1
10354,-1
24639,-1
